,movie,year,imdb,metascore,votes,us_grossMillions,timeMin
0,Knives Out,2019,7.9,82.0,330564,165.36,130
1,Parasite,2019,8.6,96.0,433910,53.37,132
2,Once Upon a Time... in Hollywood,2019,7.7,83.0,482289,142.5,161
3,Joker,2019,8.5,59.0,814660,335.45,122
4,The Gentlemen,2019,7.9,51.0,151734,,113
5,Avengers: Endgame,2019,8.4,78.0,731582,858.37,181
6,1917,2019,8.3,78.0,332669,159.23,119
7,The Shawshank Redemption,1994,9.3,80.0,2254214,28.34,142
8,Alien,1979,8.4,89.0,760996,78.9,117
9,The Wolf of Wall Street,2013,8.2,75.0,1124622,116.9,180
10,The Lord of the Rings: The Fellowship of the Ring,2001,8.8,92.0,1605772,315.54,178
11,The Help,2011,8.1,62.0,415395,169.71,146
12,Jojo Rabbit,2019,7.9,58.0,229885,0.35,108
13,Inception,2010,8.8,74.0,1977007,292.58,148
14,Little Women,2019,7.9,91.0,111257,108.1,135
15,The Godfather,1972,9.2,100.0,1555406,134.97,175
16,The Silence of the Lambs,1991,8.6,85.0,1220784,130.74,118
17,Gone with the Wind,1939,8.1,97.0,280697,198.68,238
18,Harry Potter and the Sorcerer's Stone,2001,7.6,64.0,617396,317.58,152
19,Back to the Future,1985,8.5,87.0,1011569,210.61,116
20,Into the Wild,2007,8.1,73.0,554674,18.35,148
21,Interstellar,2014,8.6,74.0,1427000,188.02,169
22,The Dark Knight,2008,9.0,84.0,2220997,534.86,152
23,V for Vendetta,2005,8.2,62.0,1001250,70.51,132
24,Pulp Fiction,1994,8.9,94.0,1764316,107.93,154
25,Django Unchained,2012,8.4,81.0,1304251,162.81,165
26,The Matrix,1999,8.7,73.0,1616720,171.48,136
27,The Lighthouse,2019,7.6,83.0,109867,0.43,109
28,The Fifth Element,1997,7.7,52.0,422603,63.54,126
29,Ford v Ferrari,2019,8.1,81.0,226218,117.62,152
30,Rogue One: A Star Wars Story,2016,7.8,65.0,533343,532.18,133
31,Inglourious Basterds,2009,8.3,69.0,1216766,120.54,153
32,Do the Right Thing,1989,7.9,93.0,83617,27.55,120
33,Spider-Man: Into the Spider-Verse,2018,8.4,87.0,323957,190.24,117
34,Jurassic Park,1993,8.1,68.0,834873,402.45,127
35,Titanic,1997,7.8,75.0,1015941,659.33,194
36,Call Me by Your Name,2017,7.9,93.0,194217,18.1,132
37,The Irishman,2019,7.9,94.0,295450,,209
38,Almost Famous,2000,7.9,90.0,245299,32.53,122
39,Boogie Nights,1997,7.9,85.0,231472,26.4,155
40,The Departed,2006,8.5,85.0,1148623,132.38,151
41,Avengers: Infinity War,2018,8.4,68.0,782175,678.82,149
42,Fight Club,1999,8.8,66.0,1791521,37.03,139
43,The Prestige,2006,8.5,66.0,1141987,53.09,130
44,Guardians of the Galaxy Vol. 2,2017,7.6,67.0,543020,389.81,136
45,Mad Max: Fury Road,2015,8.1,90.0,846242,154.06,120
46,Blade Runner 2049,2017,8.0,81.0,433684,92.05,164
47,Gladiator,2000,8.5,67.0,1295354,187.71,155
48,Forrest Gump,1994,8.8,82.0,1737717,330.25,142
49,The Green Mile,1999,8.6,61.0,1099143,136.8,189
50,Thor: Ragnarok,2017,7.9,74.0,555864,315.06,130
51,The Goonies,1985,7.8,62.0,233997,61.5,114
52,Apocalypse Now,1979,8.4,94.0,584799,83.47,147
53,No Country for Old Men,2007,8.1,91.0,821243,74.28,122
54,Se7en,1995,8.6,65.0,1387476,100.13,127
55,Watchmen,2009,7.6,56.0,486697,107.51,162
56,Zodiac,2007,7.7,78.0,435105,33.08,157
57,The Lord of the Rings: The Return of the King,2003,8.9,94.0,1591290,377.85,201
58,Malcolm X,1992,7.7,72.0,82009,48.17,202
59,Goodfellas,1990,8.7,90.0,980713,46.84,146
60,Léon: The Professional,1994,8.5,64.0,997645,19.5,110
61,The Dark Knight Rises,2012,8.4,78.0,1468121,448.14,164
62,Star Wars: Episode IV - A New Hope,1977,8.6,90.0,1195429,322.74,121
63,Get Out,2017,7.7,85.0,464098,176.04,104
64,A Clockwork Orange,1971,8.3,80.0,733833,6.21,136
65,Room,2015,8.1,86.0,351641,14.68,118
66,Guardians of the Galaxy,2014,8.0,76.0,1016068,333.18,121
67,Batman Begins,2005,8.2,70.0,1267045,206.85,140
68,The Princess Bride,1987,8.1,77.0,381259,30.86,98
69,Green Book,2018,8.2,69.0,329800,85.08,130
70,Inside Man,2006,7.6,76.0,328518,88.51,129
71,Gone Girl,2014,8.1,79.0,823597,167.77,149
72,Bohemian Rhapsody,2018,8.0,49.0,427062,216.43,134
73,The Shining,1980,8.4,66.0,858213,44.02,146
74,Psycho,1960,8.5,97.0,579543,32.0,109
75,Portrait of a Lady on Fire,2019,8.1,95.0,41945,,122
76,Jaws,1975,8.0,87.0,530917,260.0,124
77,Schindler's List,1993,8.9,94.0,1171046,96.9,195
78,Shutter Island,2010,8.1,63.0,1084118,128.01,138
79,Ratatouille,2007,8.0,96.0,619277,206.45,111
80,The Hobbit: An Unexpected Journey,2012,7.8,58.0,742687,303.0,169
81,Harry Potter and the Goblet of Fire,2005,7.7,81.0,525063,290.01,157
82,Mission: Impossible - Fallout,2018,7.7,86.0,275110,220.16,147
83,12 Years a Slave,2013,8.1,96.0,618356,56.67,134
84,Harry Potter and the Deathly Hallows: Part 2,2011,8.1,85.0,736358,381.01,130
85,Saving Private Ryan,1998,8.6,91.0,1191931,216.54,169
86,Toy Story 4,2019,7.8,84.0,183025,434.04,100
87,Pirates of the Caribbean: The Curse of the Black Pearl,2003,8.0,63.0,996352,305.41,143
88,Taxi Driver,1976,8.3,94.0,695060,28.26,114
89,What We Do in the Shadows,2014,7.7,76.0,147362,3.33,86
90,Avatar,2009,7.8,83.0,1095145,760.51,162
91,Prisoners,2013,8.1,70.0,573565,61.0,153
92,A Star Is Born,2018,7.7,88.0,311925,215.29,136
93,Dunkirk,2017,7.9,94.0,521656,188.37,106
94,Casino,1995,8.2,73.0,446970,42.44,178
95,The Godfather: Part II,1974,9.0,90.0,1087103,57.3,202
96,E.T. the Extra-Terrestrial,1982,7.8,91.0,359052,435.11,115
97,Ghostbusters,1984,7.8,71.0,344053,238.63,105
98,Raiders of the Lost Ark,1981,8.4,85.0,858131,248.16,115
99,Whiplash,2014,8.5,88.0,681344,13.09,106
100,The Hateful Eight,2015,7.8,68.0,492423,54.12,168
101,Scarface,1983,8.3,65.0,713457,45.6,170
102,Willy Wonka & the Chocolate Factory,1971,7.8,67.0,172191,4.0,100
103,Casino Royale,2006,8.0,80.0,566304,167.45,144
104,Spirited Away,2001,8.6,96.0,616480,10.06,125
105,Apocalypto,2006,7.8,68.0,283740,50.87,139
106,Memento,2000,8.4,80.0,1088554,25.54,113
107,Moana,2016,7.6,81.0,255366,248.76,107
108,The Lord of the Rings: The Two Towers,2002,8.7,87.0,1437805,342.55,179
109,The Breakfast Club,1985,7.9,66.0,343218,45.88,97
110,Requiem for a Dream,2000,8.3,68.0,742087,3.64,102
111,Ferris Bueller's Day Off,1986,7.8,61.0,309550,70.14,103
112,The Social Network,2010,7.7,95.0,603047,96.96,120
113,La La Land,2016,8.0,94.0,481246,151.1,128
114,Captain America: Civil War,2016,7.8,75.0,637476,408.08,147
115,The Curious Case of Benjamin Button,2008,7.8,70.0,571208,127.51,166
116,The Avengers,2012,8.0,69.0,1234837,623.28,143
117,Marriage Story,2019,8.0,94.0,217924,,137
118,The Usual Suspects,1995,8.5,77.0,960214,23.34,106
119,X-Men: First Class,2011,7.7,65.0,633505,146.41,131
120,Deadpool,2016,8.0,65.0,874901,363.07,108
121,Apollo 13,1995,7.6,77.0,260015,173.84,140
122,Blade Runner,1982,8.1,84.0,671844,32.87,117
123,Deadpool 2,2018,7.7,66.0,454101,324.59,119
124,Baby Driver,2017,7.6,86.0,414366,107.83,113
125,The Terminator,1984,8.0,84.0,777741,38.4,107
126,Love Actually,2003,7.6,55.0,413411,59.7,135
127,The Hangover,2009,7.7,73.0,701452,277.32,100
128,Logan,2017,8.1,77.0,619731,226.28,137
129,Her,2013,8.0,90.0,516984,25.57,126
130,American Beauty,1999,8.3,84.0,1041680,130.1,122
131,Harry Potter and the Prisoner of Azkaban,2004,7.9,82.0,527426,249.36,142
132,The Lion King,1994,8.5,88.0,908492,422.78,88
133,The Grand Budapest Hotel,2014,8.1,88.0,680513,59.1,99
134,Heat,1995,8.2,76.0,556725,67.44,170
135,Aliens,1986,8.3,84.0,634167,85.16,137
136,American Psycho,2000,7.6,64.0,466909,15.07,101
137,The Big Lebowski,1998,8.1,71.0,704339,17.5,117
138,Kill Bill: Vol. 1,2003,8.1,69.0,968754,70.1,111
139,Sicario,2015,7.6,82.0,356174,46.89,121
140,Star Trek,2009,7.9,82.0,569654,257.73,127
141,Drive,2011,7.8,78.0,553641,35.06,100
142,American History X,1998,8.5,62.0,1006023,6.72,119
143,"The Good, the Bad and the Ugly",1966,8.8,90.0,665620,6.1,178
144,Good Will Hunting,1997,8.3,70.0,828403,138.43,126
145,Terminator 2: Judgment Day,1991,8.5,75.0,966963,204.84,137
146,There Will Be Blood,2007,8.2,93.0,497177,40.22,158
147,Full Metal Jacket,1987,8.3,76.0,651610,46.36,116
148,Remember the Titans,2000,7.8,48.0,192640,115.65,113
149,Eternal Sunshine of the Spotless Mind,2004,8.3,89.0,880895,34.4,108
150,The Perks of Being a Wallflower,2012,8.0,67.0,447333,17.74,103
151,Star Wars: Episode V - The Empire Strikes Back,1980,8.7,82.0,1123079,290.48,124
152,Hacksaw Ridge,2016,8.1,71.0,411587,67.21,139
153,Dazed and Confused,1993,7.6,78.0,159224,7.99,102
154,Braveheart,1995,8.3,68.0,935541,75.6,178
155,Airplane!,1980,7.7,78.0,204612,83.4,88
156,Zootopia,2016,8.0,78.0,416353,341.27,108
157,Iron Man,2008,7.9,79.0,914444,318.41,126
158,The Handmaiden,2016,8.1,84.0,101062,2.01,145
159,Wonder,2017,8.0,66.0,130927,132.42,113
160,12 Angry Men,1957,8.9,96.0,660199,4.36,96
161,Minority Report,2002,7.6,80.0,494560,132.07,145
162,The Blues Brothers,1980,7.9,60.0,176744,57.23,133
163,Toy Story 3,2010,8.3,92.0,733797,415.0,103
164,Star Wars: Episode VI - Return of the Jedi,1983,8.3,58.0,920869,309.13,131
165,Die Hard,1988,8.2,72.0,762234,83.01,132
166,The Peanut Butter Falcon,2019,7.6,70.0,42072,13.12,97
167,Back to the Future Part II,1989,7.8,57.0,461063,118.5,108
168,True Romance,1993,7.9,59.0,200325,12.28,119
169,Arrival,2016,7.9,81.0,568354,100.55,116
170,Snatch,2000,8.3,55.0,760558,30.33,102
171,300,2006,7.6,52.0,718738,210.61,117
172,The Martian,2015,8.0,80.0,733565,228.43,144
173,The Notebook,2004,7.8,53.0,503008,81.0,123
174,2001: A Space Odyssey,1968,8.3,84.0,581543,56.95,149
175,Harry Potter and the Deathly Hallows: Part 1,2010,7.7,65.0,458196,295.98,146
176,Ex Machina,2014,7.7,78.0,457205,25.44,108
177,Catch Me If You Can,2002,8.1,75.0,788796,164.62,141
178,The Big Short,2015,7.8,81.0,343598,70.26,130
179,Oldboy,2003,8.4,77.0,495630,0.71,120
180,The Revenant,2015,8.0,76.0,677555,183.64,156
181,One Flew Over the Cuckoo's Nest,1975,8.7,83.0,883407,112.0,133
182,"Three Billboards Outside Ebbing, Missouri",2017,8.2,88.0,402952,54.51,115
183,Stand by Me,1986,8.1,75.0,351950,52.29,89
184,Edge of Tomorrow,2014,7.9,71.0,580862,100.21,113
185,The Truman Show,1998,8.1,90.0,898663,125.62,103
186,Reservoir Dogs,1992,8.3,79.0,888343,2.83,99
187,The Girl with the Dragon Tattoo,2011,7.8,71.0,408389,102.52,158
188,Black Swan,2010,8.0,79.0,681539,106.95,108
189,Star Wars: Episode VII - The Force Awakens,2015,7.9,80.0,840276,936.66,138
190,North by Northwest,1959,8.3,98.0,288699,13.28,136
191,Your Name.,2016,8.4,79.0,171967,5.02,106
192,Tombstone,1993,7.8,50.0,121749,56.51,130
193,The Hobbit: The Desolation of Smaug,2013,7.8,66.0,587671,258.37,161
194,Come and See,1985,8.3,,51672,,142
195,Mulholland Drive,2001,8.0,85.0,309169,7.22,147
196,Harry Potter and the Half-Blood Prince,2009,7.6,78.0,452895,301.96,153
197,The Sixth Sense,1999,8.1,64.0,887643,293.51,107
198,Pride & Prejudice,2005,7.8,82.0,244308,38.41,129
199,Primal Fear,1996,7.7,47.0,178263,56.12,129
200,The Invisible Guest,2016,8.1,,121510,,106
201,Kingsman: The Secret Service,2014,7.7,60.0,575007,128.26,129
202,Unforgiven,1992,8.2,85.0,363361,101.16,130
203,Boyz n the Hood,1991,7.7,76.0,120180,57.5,112
204,Indiana Jones and the Last Crusade,1989,8.2,65.0,671146,197.17,127
205,The Warriors,1979,7.6,65.0,90790,22.49,92
206,Blue Is the Warmest Colour,2013,7.7,88.0,133814,2.2,180
207,The Pianist,2002,8.5,85.0,699997,32.57,150
208,Skyfall,2012,7.7,81.0,617012,304.36,143
209,Fargo,1996,8.1,85.0,595598,24.61,98
210,Howl's Moving Castle,2004,8.2,80.0,312634,4.71,119
211,Sin City,2005,8.0,74.0,730991,74.1,124
212,Donnie Darko,2001,8.0,88.0,724078,1.48,113
213,Coco,2017,8.4,81.0,343485,209.73,105
214,Children of Men,2006,7.9,84.0,451599,35.55,109
215,About Time,2013,7.8,55.0,286606,15.32,123
216,The Sound of Music,1965,8.0,63.0,196864,163.21,172
217,Once Upon a Time in America,1984,8.4,,298709,5.32,229
218,True Grit,2010,7.6,80.0,301809,171.24,110
219,Finding Nemo,2003,8.1,90.0,920760,380.84,100
220,Superbad,2007,7.6,76.0,507701,121.46,113
221,Hidden Figures,2016,7.8,74.0,190464,169.61,127
222,Captain America: The Winter Soldier,2014,7.7,70.0,713236,259.77,136
223,Predator,1987,7.8,45.0,361935,59.74,107
224,X-Men: Days of Future Past,2014,8.0,75.0,646614,233.92,132
225,Midnight in Paris,2011,7.7,81.0,375579,56.82,94
226,Indiana Jones and the Temple of Doom,1984,7.6,57.0,433678,179.87,118
227,Life Is Beautiful,1997,8.6,59.0,599285,57.6,116
228,Brazil,1985,7.9,84.0,183104,9.93,132
229,Atonement,2007,7.8,85.0,241145,50.93,123
230,12 Monkeys,1995,8.0,74.0,564665,57.14,129
231,Silver Linings Playbook,2012,7.7,81.0,647202,132.09,122
232,Hot Fuzz,2007,7.8,81.0,449399,23.64,121
233,The Wizard of Oz,1939,8.0,100.0,364606,2.08,102
234,Moneyball,2011,7.6,87.0,349597,75.61,133
235,The Thing,1982,8.1,57.0,355996,13.78,109
236,A Few Good Men,1992,7.7,62.0,226978,141.34,138
237,Pan's Labyrinth,2006,8.2,98.0,602414,37.63,118
238,Wind River,2017,7.7,73.0,192336,33.8,107
239,Birdman or (The Unexpected Virtue of Ignorance),2014,7.7,87.0,560732,42.34,119
240,Dances with Wolves,1990,8.0,72.0,233133,184.21,181
241,Casablanca,1942,8.5,100.0,505342,1.02,102
242,Spotlight,2015,8.1,93.0,400876,45.06,129
243,Blazing Saddles,1974,7.7,73.0,122173,119.5,93
244,Cast Away,2000,7.8,73.0,505347,233.63,143
245,Toy Story,1995,8.3,95.0,856735,191.8,81
246,Home Alone,1990,7.6,63.0,448145,285.76,103
247,A Beautiful Mind,2001,8.2,72.0,820353,170.74,135
248,The Godfather: Part III,1990,7.6,60.0,347006,66.67,162
249,Rocky,1976,8.1,70.0,501907,117.24,120
250,Nightcrawler,2014,7.9,76.0,442628,32.38,117
251,Princess Mononoke,1997,8.4,76.0,325304,2.38,134
252,Inside Out,2015,8.1,94.0,585631,356.46,95
253,Brokeback Mountain,2005,7.7,87.0,314655,83.04,134
254,The Imitation Game,2014,8.0,73.0,661006,91.13,114
255,Captain Fantastic,2016,7.9,72.0,179238,5.88,118
256,Trainspotting,1996,8.1,83.0,619178,16.5,93
257,Lost in Translation,2003,7.7,89.0,397771,44.59,102
258,The Exorcist,1973,8.0,81.0,351533,232.91,122
259,Man on Fire,2004,7.7,47.0,321596,77.91,146
260,The Intouchables,2011,8.5,57.0,729753,13.18,112
261,Vertigo,1958,8.3,100.0,347606,3.2,128
262,City of God,2002,8.6,79.0,681054,7.56,130
263,Training Day,2001,7.7,69.0,377696,76.63,122
264,Before Sunrise,1995,8.1,77.0,258670,5.54,101
265,The Florida Project,2017,7.6,92.0,87159,5.9,111
266,Once Upon a Time in the West,1968,8.5,80.0,291464,5.32,165
267,The Fault in Our Stars,2014,7.7,69.0,333676,124.87,126
268,Capernaum,2018,8.4,75.0,49534,1.66,126
269,Mulan,1998,7.6,71.0,241596,120.62,88
270,Warrior,2011,8.2,71.0,424185,13.66,140
271,Manchester by the Sea,2016,7.8,96.0,235453,47.7,137
272,Mary Poppins,1964,7.8,88.0,152979,102.27,139
273,The Incredibles,2004,8.0,90.0,638111,261.44,115
274,Ocean's Eleven,2001,7.7,74.0,500127,183.42,116
275,Crash,2004,7.8,66.0,413247,54.58,112
276,Office Space,1999,7.7,68.0,236116,10.82,89
277,Incredibles 2,2018,7.6,80.0,235448,608.58,118
278,Kill Bill: Vol. 2,2004,8.0,83.0,662357,66.21,137
279,Glory,1989,7.8,78.0,117705,26.83,122
280,The Deer Hunter,1978,8.1,86.0,301540,48.98,183
281,Rebel Without a Cause,1955,7.7,89.0,80800,,111
282,The Hunt,2012,8.3,77.0,265809,0.69,115
283,Stardust,2007,7.6,66.0,248060,38.63,127
284,Hell or High Water,2016,7.6,88.0,195288,26.86,102
285,Sherlock Holmes,2009,7.6,57.0,570757,209.03,128
286,PK,2014,8.1,,154251,10.62,153
287,Citizen Kane,1941,8.3,100.0,385505,1.59,119
288,Shaun of the Dead,2004,7.9,76.0,498492,13.54,99
289,Amélie,2001,8.3,69.0,685816,33.23,122
290,Argo,2012,7.7,86.0,559690,136.03,120
291,Being John Malkovich,1999,7.7,90.0,301106,22.86,113
292,What's Eating Gilbert Grape,1993,7.8,73.0,208349,9.17,118
293,Tangled,2010,7.7,71.0,392623,200.82,100
294,Seven Samurai,1954,8.6,98.0,304523,0.27,207
295,Lawrence of Arabia,1962,8.3,100.0,258713,44.82,228
296,Black Hawk Down,2001,7.7,74.0,355717,108.64,144
297,Blue Velvet,1986,7.8,76.0,174404,8.55,120
298,Dead Poets Society,1989,8.1,79.0,405842,95.86,128
299,Mystic River,2003,7.9,84.0,408419,90.14,138
300,The Pursuit of Happyness,2006,8.0,64.0,432784,163.57,117
301,Mad Max 2: The Road Warrior,1981,7.6,77.0,162132,12.47,96
302,Changeling,2008,7.7,63.0,231614,35.74,141
303,3 Idiots,2009,8.4,67.0,327256,6.53,170
304,Dallas Buyers Club,2013,8.0,80.0,426293,27.3,117
305,The Sandlot,1993,7.8,55.0,76182,32.42,101
306,28 Days Later...,2002,7.6,73.0,366836,45.06,113
307,Little Miss Sunshine,2006,7.8,80.0,428538,59.89,101
308,Big Fish,2003,8.0,58.0,405536,66.26,125
309,Up,2009,8.2,88.0,903561,293.0,96
310,Taken,2008,7.8,51.0,555339,145.0,90
311,Platoon,1986,8.1,92.0,370423,138.53,120
312,Billy Elliot,2000,7.7,74.0,122748,22.0,110
313,L.A. Confidential,1997,8.2,90.0,517644,64.62,138
314,Rush,2013,8.1,74.0,418573,26.95,123
315,Close Encounters of the Third Kind,1977,7.6,90.0,178317,132.09,138
316,Shrek,2001,7.8,84.0,595689,267.67,90
317,Lion,2016,8.0,69.0,203696,51.74,118
318,Slumdog Millionaire,2008,8.0,84.0,781777,141.32,120
319,The Machinist,2004,7.7,61.0,348107,1.08,101
320,Young Frankenstein,1974,8.0,80.0,139278,86.3,106
321,The Last Samurai,2003,7.7,55.0,388679,111.11,154
322,Fear and Loathing in Las Vegas,1998,7.6,41.0,252872,10.68,118
323,Rear Window,1954,8.4,100.0,427748,36.76,112
324,Saw,2004,7.6,46.0,369285,56.0,103
325,"Lock, Stock and Two Smoking Barrels",1998,8.2,66.0,520264,3.9,107
326,WALL·E,2008,8.4,95.0,966313,223.81,98
327,The Lives of Others,2006,8.4,89.0,346158,11.29,137
328,Big Hero 6,2014,7.8,74.0,397444,222.53,102
329,The Blind Side,2009,7.6,53.0,283181,255.96,129
330,"Monsters, Inc.",2001,8.0,79.0,788571,289.92,92
331,Million Dollar Baby,2004,8.1,86.0,617828,100.49,132
332,Amadeus,1984,8.3,88.0,357895,51.97,160
333,Monty Python and the Holy Grail,1975,8.2,93.0,487726,1.23,91
334,Star Trek Into Darkness,2013,7.7,72.0,456790,228.78,132
335,Aladdin,1992,8.0,86.0,359982,217.35,90
336,Misery,1990,7.8,75.0,177206,61.28,107
337,The Farewell,2019,7.6,89.0,41421,16.88,100
338,Groundhog Day,1993,8.0,72.0,565527,70.91,101
339,The Fugitive,1993,7.8,87.0,259530,183.88,130
340,Dr. Strangelove or: How I Learned to Stop Worrying and Love the Bomb,1964,8.4,97.0,437298,0.28,95
341,Gravity,2013,7.7,96.0,750259,274.09,91
342,Deliverance,1972,7.7,80.0,95835,7.06,109
343,Zombieland,2009,7.6,73.0,506563,75.59,88
344,The Untouchables,1987,7.9,79.0,270326,76.27,119
345,Halloween,1978,7.8,87.0,220366,47.0,91
346,The Last of the Mohicans,1992,7.7,76.0,144249,75.51,112
347,Y Tu Mamá También,2001,7.6,88.0,112714,13.62,106
348,Edward Scissorhands,1990,7.9,74.0,434316,56.36,105
349,Downfall,2004,8.2,82.0,322160,5.51,156
350,Memories of Murder,2003,8.1,82.0,124668,0.01,132
351,The Crow,1994,7.6,71.0,162474,50.69,102
352,From Here to Eternity,1953,7.6,85.0,41920,30.5,118
353,Moonrise Kingdom,2012,7.8,84.0,308669,45.51,94
354,The Hurt Locker,2008,7.6,95.0,411369,17.02,131
355,Serenity,2005,7.8,74.0,278411,25.51,119
356,The Little Mermaid,1989,7.6,88.0,229531,111.54,83
357,500 Days of Summer,2009,7.7,76.0,461125,32.39,95
358,As Good as It Gets,1997,7.7,67.0,267940,148.48,139
359,The Bourne Identity,2002,7.9,68.0,495591,121.66,119
360,Kick-Ass,2010,7.6,66.0,515352,48.07,117
361,Blood Diamond,2006,8.0,64.0,485919,57.37,143
362,Empire of the Sun,1987,7.7,62.0,112054,22.24,153
363,Philomena,2013,7.6,77.0,92181,37.71,98
364,Fantastic Mr. Fox,2009,7.9,83.0,190611,21.0,87
365,Despicable Me,2010,7.6,72.0,487983,251.51,95
366,How to Train Your Dragon,2010,8.1,75.0,646260,217.58,98
367,Incendies,2010,8.3,80.0,139680,6.86,131
368,This Is Spinal Tap,1984,7.9,92.0,125655,0.19,82
369,Bridge of Spies,2015,7.6,81.0,278359,72.31,142
370,Raging Bull,1980,8.2,89.0,310619,23.38,129
371,The Butterfly Effect,2004,7.6,30.0,441427,57.94,113
372,Who Framed Roger Rabbit,1988,7.7,83.0,177064,156.45,104
373,The Secret in Their Eyes,2009,8.2,80.0,185752,6.39,129
374,Scent of a Woman,1992,8.0,59.0,249047,63.9,156
375,Some Like It Hot,1959,8.2,98.0,235824,25.0,121
376,Gifted,2017,7.6,60.0,94100,24.8,101
377,District 9,2009,7.9,81.0,627089,115.65,112
378,First Blood,1982,7.7,61.0,219330,47.21,93
379,The Great Escape,1963,8.2,86.0,217572,12.1,172
380,Straight Outta Compton,2015,7.9,72.0,174626,161.2,147
381,Chinatown,1974,8.2,92.0,283557,29.2,130
382,"O Brother, Where Art Thou?",2000,7.7,69.0,276634,45.51,107
383,The Elephant Man,1980,8.1,78.0,212264,,124
384,My Neighbor Totoro,1988,8.2,86.0,272534,1.11,86
385,Magnolia,1999,8.0,77.0,282503,22.46,188
386,The Game,1997,7.8,61.0,333516,48.32,129
387,The Color Purple,1985,7.8,78.0,75588,98.47,154
388,Breakfast at Tiffany's,1961,7.7,76.0,161487,,115
389,The Others,2001,7.6,74.0,328218,96.52,104
390,Donnie Brasco,1997,7.7,76.0,268564,41.91,127
391,American Gangster,2007,7.8,76.0,381430,130.16,157
392,My Cousin Vinny,1992,7.6,68.0,102562,52.93,120
393,Sleepers,1996,7.6,49.0,182676,49.1,147
394,The Theory of Everything,2014,7.7,72.0,386687,35.89,123
395,The Hunt for Red October,1990,7.6,58.0,173276,122.01,135
396,Spartacus,1960,7.9,87.0,120650,30.0,197
397,Rosemary's Baby,1968,8.0,96.0,185117,,137
398,In Bruges,2008,7.9,67.0,380847,7.76,107
399,Gran Torino,2008,8.1,72.0,702202,148.1,116
400,Isle of Dogs,2018,7.9,82.0,130047,32.02,101
401,Roma,2018,7.7,96.0,131971,,135
402,The Graduate,1967,8.0,83.0,248162,104.95,106
403,To Kill a Mockingbird,1962,8.2,88.0,286705,,129
404,Life of Pi,2012,7.9,79.0,566201,124.99,127
405,The Count of Monte Cristo,2002,7.8,61.0,125972,54.23,131
406,Match Point,2005,7.6,72.0,201427,23.09,124
407,Wreck-It Ralph,2012,7.7,72.0,368450,189.42,101
408,Grave of the Fireflies,1988,8.5,94.0,221211,,89
409,Blow,2001,7.6,52.0,234758,52.99,124
410,It's a Wonderful Life,1946,8.6,89.0,384702,,130
411,Das Boot,1981,8.3,86.0,223986,11.49,149
412,Beauty and the Beast,1991,8.0,95.0,408183,218.97,84
413,The Fighter,2010,7.8,79.0,331643,93.62,116
414,Barry Lyndon,1975,8.1,89.0,143369,,185
415,End of Watch,2012,7.6,68.0,222641,41.0,109
416,Stalker,1979,8.2,,109770,0.23,162
417,25th Hour,2002,7.6,68.0,166965,13.06,135
418,Togo,2019,8.0,69.0,28474,,113
419,Philadelphia,1993,7.7,66.0,217679,77.32,125
420,Rain Man,1988,8.0,65.0,461697,178.8,133
421,Gully Boy,2019,8.1,65.0,27926,5.57,153
422,Dog Day Afternoon,1975,8.0,86.0,228892,50.0,125
423,The Thin Red Line,1998,7.6,78.0,167986,36.4,170
424,Hunt for the Wilderpeople,2016,7.9,81.0,102570,5.2,101
425,Sense and Sensibility,1995,7.6,84.0,98483,43.18,136
426,Dangal,2016,8.4,,144092,12.39,161
427,The Birds,1963,7.7,90.0,165452,11.4,119
428,Only the Brave,2017,7.6,72.0,53828,18.34,134
429,Toy Story 2,1999,7.9,88.0,510456,245.85,92
430,Lost Highway,1997,7.6,52.0,126373,3.8,134
431,Ray,2004,7.7,73.0,135065,75.33,152
432,3:10 to Yuma,2007,7.7,76.0,281490,53.61,122
433,Frost/Nixon,2008,7.7,80.0,100471,18.59,122
434,Boyhood,2014,7.9,100.0,328715,25.38,165
435,Mr. Nobody,2009,7.8,63.0,209942,0.0,141
436,The King's Speech,2010,8.0,88.0,623969,138.8,118
437,Enter the Dragon,1973,7.7,83.0,93471,25.0,102
438,I Saw the Devil,2010,7.8,67.0,104323,0.13,144
439,Before Sunset,2004,8.0,90.0,225596,5.82,80
440,Searching,2018,7.6,71.0,126853,26.02,102
441,Moon,2009,7.9,67.0,327154,5.01,97
442,Walk the Line,2005,7.8,72.0,227672,119.52,136
443,Mississippi Burning,1988,7.8,65.0,84396,34.6,128
444,Singin' in the Rain,1952,8.3,99.0,210835,8.82,103
445,Coraline,2009,7.7,80.0,188841,75.29,100
446,Cinema Paradiso,1988,8.5,80.0,219483,11.99,155
447,The Apartment,1960,8.3,94.0,156729,18.6,125
448,Butch Cassidy and the Sundance Kid,1969,8.0,66.0,198050,102.31,110
449,The Skin I Live In,2011,7.6,70.0,133415,3.19,120
450,Gattaca,1997,7.8,64.0,273702,12.34,106
451,The Bourne Ultimatum,2007,8.0,85.0,594965,227.47,115
452,The Raid: Redemption,2011,7.6,73.0,185711,4.11,101
453,La Haine,1995,8.1,,142286,0.31,98
454,The Life of David Gale,2003,7.6,31.0,106122,19.59,130
455,Before Midnight,2013,7.9,94.0,134427,8.11,109
456,The Sting,1973,8.3,83.0,234148,159.6,129
457,The Remains of the Day,1993,7.8,84.0,63216,22.95,134
458,Traffic,2000,7.6,86.0,192071,124.12,147
459,When Harry Met Sally...,1989,7.6,76.0,188630,92.82,95
460,7 Kogustaki Mucize,2019,8.3,,26636,,132
461,The Royal Tenenbaums,2001,7.6,76.0,258963,52.36,110
462,A Silent Voice: The Movie,2016,8.2,78.0,38241,,130
463,Road to Perdition,2002,7.7,72.0,240818,104.45,117
464,Ponyo,2008,7.7,86.0,117851,15.09,101
465,Escape from Alcatraz,1979,7.6,76.0,114459,43.0,112
466,Ben-Hur,1959,8.1,90.0,213095,74.7,212
467,Fried Green Tomatoes,1991,7.7,64.0,64789,82.42,130
468,Kung Fu Hustle,2004,7.7,78.0,123519,17.11,99
469,Goldfinger,1964,7.7,87.0,167517,51.08,110
470,The Boy in the Striped Pajamas,2008,7.8,55.0,184127,9.03,94
471,Akira,1988,8.0,,157037,0.55,124
472,Serpico,1973,7.7,87.0,105061,29.8,130
473,The Last Picture Show,1971,8.0,93.0,40722,29.13,118
474,The Jungle Book,1967,7.6,65.0,160961,141.84,78
475,127 Hours,2010,7.6,82.0,339893,18.34,94
476,A Streetcar Named Desire,1951,8.0,97.0,96300,8.0,122
477,Shoplifters,2018,8.0,93.0,54084,3.31,121
478,Captain Phillips,2013,7.8,82.0,408527,107.1,134
479,Andhadhun,2018,8.3,,62492,1.37,139
480,Gone Baby Gone,2007,7.6,72.0,243834,20.3,114
481,Wild Tales,2014,8.1,77.0,167592,3.11,122
482,Creed,2015,7.6,82.0,239872,109.77,133
483,The Seventh Seal,1957,8.2,,156958,,96
484,Dogville,2003,8.0,60.0,133837,1.53,178
485,Kiki's Delivery Service,1989,7.8,83.0,115055,,103
486,The Girl with the Dragon Tattoo,2009,7.8,76.0,205070,10.1,152
487,The Illusionist,2006,7.6,68.0,348817,39.87,110
488,A Bronx Tale,1993,7.8,80.0,123811,17.27,121
489,The Searchers,1956,7.9,94.0,77608,,119
490,The Bourne Supremacy,2004,7.7,73.0,424371,176.24,108
491,Klaus,2019,8.2,65.0,71052,,96
492,The Boondock Saints,1999,7.8,44.0,223658,0.03,108
493,The Magnificent Seven,1960,7.7,74.0,85141,4.91,128
494,Lethal Weapon,1987,7.6,68.0,230593,65.21,109
495,The Holy Mountain,1973,7.9,,34859,0.06,114
496,Dark City,1998,7.6,66.0,183956,14.38,100
497,Cabaret,1972,7.8,80.0,46697,42.77,124
498,Eastern Promises,2007,7.6,82.0,222480,17.11,100
499,Battle Royale,2000,7.6,81.0,165273,,114
500,The Wrestler,2008,7.9,80.0,285000,26.24,109
501,Die Hard with a Vengeance,1995,7.6,58.0,355055,100.01,128
502,Metropolis,1927,8.3,98.0,154494,1.24,153
503,In the Name of the Father,1993,8.1,84.0,151020,25.01,133
504,Planet of the Apes,1968,8.0,79.0,161824,33.4,112
505,Sunset Blvd.,1950,8.4,,193367,,110
506,Dangerous Liaisons,1988,7.6,74.0,62705,34.7,119
507,Midnight Cowboy,1969,7.8,79.0,97593,44.79,113
508,In the Mood for Love,2000,8.1,85.0,117248,2.73,98
509,Seven Pounds,2008,7.6,36.0,280709,69.95,123
510,Monty Python's Life of Brian,1979,8.1,77.0,356038,20.05,94
511,Nausicaä of the Valley of the Wind,1984,8.1,86.0,142186,0.5,117
512,Hachi: A Dog's Tale,2009,8.1,,242880,,93
513,"Paris, Texas",1984,8.1,78.0,84520,2.18,145
514,Carlito's Way,1993,7.9,65.0,194754,36.95,144
515,Enemy at the Gates,2001,7.6,53.0,236340,51.4,131
516,Cool Hand Luke,1967,8.1,92.0,156954,16.22,127
517,The Night of the Hunter,1955,8.0,99.0,79385,0.65,92
518,Falling Down,1993,7.6,56.0,164534,40.9,113
519,Ip Man,2008,8.0,59.0,206270,,106
520,Annie Hall,1977,8.0,92.0,246658,39.2,93
521,Solaris,1972,8.1,90.0,76948,,167
522,In the Heat of the Night,1967,7.9,75.0,65012,24.38,110
523,The Artist,2011,7.9,89.0,225857,44.67,100
524,The Conversation,1974,7.8,85.0,94376,4.42,113
525,Gandhi,1982,8.0,79.0,214075,52.77,191
526,JFK,1991,8.0,72.0,137203,70.41,189
527,The Lego Movie,2014,7.7,83.0,317545,257.76,100
528,A Fistful of Dollars,1964,8.0,65.0,189954,14.5,99
529,Star Trek II: The Wrath of Khan,1982,7.7,67.0,109921,78.91,113
530,The Nightmare Before Christmas,1993,8.0,82.0,283317,75.08,76
531,A Separation,2011,8.3,95.0,211965,7.1,123
532,"Blood In, Blood Out",1993,8.0,47.0,28031,4.5,180
533,Network,1976,8.1,83.0,140364,,121
534,Adaptation.,2002,7.7,83.0,172482,22.25,115
535,Mother,2009,7.8,79.0,47483,0.55,129
536,The Ten Commandments,1956,7.8,,61861,93.74,220
537,Gangs of Wasseypur,2012,8.2,89.0,76367,,321
538,Harakiri,1962,8.7,85.0,35188,,133
539,Short Term 12,2013,8.0,82.0,78594,1.01,96
540,Dirty Harry,1971,7.7,90.0,139337,35.9,102
541,The Bridge on the River Kwai,1957,8.1,87.0,196900,44.91,161
542,For a Few Dollars More,1965,8.3,74.0,223037,15.0,132
543,The Name of the Rose,1986,7.7,54.0,98691,7.15,130
544,Snow White and the Seven Dwarfs,1937,7.6,95.0,175630,184.93,83
545,Perfect Blue,1997,8.0,,52246,0.78,81
546,Doctor Zhivago,1965,8.0,69.0,67691,111.72,197
547,Roman Holiday,1953,8.0,78.0,123538,,118
548,Castle in the Sky,1986,8.0,78.0,143039,,125
549,The Naked Gun: From the Files of Police Squad!,1988,7.6,76.0,146214,78.76,85
550,Robin Hood,1973,7.6,57.0,111655,32.06,83
551,The Man from Earth,2007,7.9,,169125,,87
552,Pride,2014,7.8,79.0,49848,,119
553,50/50,2011,7.6,72.0,310395,35.01,100
554,Glengarry Glen Ross,1992,7.7,82.0,92993,10.73,100
555,Dancer in the Dark,2000,8.0,61.0,99241,4.18,140
556,I Am Sam,2001,7.7,28.0,140436,40.31,132
557,"Crouching Tiger, Hidden Dragon",2000,7.8,94.0,248261,128.08,120
558,Night of the Living Dead,1968,7.9,89.0,112062,0.09,96
559,The Raid 2,2014,8.0,71.0,111045,2.63,150
560,Blood Simple,1984,7.6,81.0,84450,2.15,99
561,Lord of War,2005,7.6,62.0,288208,24.15,122
562,The French Connection,1971,7.7,94.0,106185,15.63,104
563,Ed Wood,1994,7.8,70.0,162210,5.89,127
564,Ran,1985,8.2,96.0,107216,4.14,162
565,Dawn of the Planet of the Apes,2014,7.6,79.0,404552,208.55,130
566,The Wild Bunch,1969,7.9,97.0,75505,12.06,135
567,Ghost in the Shell,1995,8.0,76.0,124112,0.52,83
568,Rise of the Planet of the Apes,2011,7.6,68.0,488309,176.76,105
569,The Body,2012,7.6,,53184,,108
570,Amores Perros,2000,8.1,83.0,217541,5.38,154
571,The Third Man,1949,8.1,97.0,153884,0.45,93
572,Funny Games,1997,7.6,69.0,61853,,108
573,Let the Right One In,2008,7.9,82.0,201537,2.12,114
574,The Insider,1999,7.8,84.0,155968,28.97,157
575,On the Waterfront,1954,8.1,91.0,136998,9.6,108
576,The King of Comedy,1982,7.8,73.0,82480,2.5,109
577,Paths of Glory,1957,8.4,,170245,,88
578,The Longest Day,1962,7.8,75.0,51106,39.1,178
579,Like Stars on Earth,2007,8.4,,158707,1.22,165
580,Flipped,2010,7.7,45.0,78960,1.75,90
581,The Fall,2006,7.9,64.0,105231,2.28,117
582,Naked,1993,7.8,84.0,32825,1.77,132
583,After Hours,1985,7.7,90.0,55676,10.6,97
584,Anatomy of a Murder,1959,8.0,95.0,57675,11.9,161
585,Bonnie and Clyde,1967,7.8,86.0,99400,,111
586,The Treasure of the Sierra Madre,1948,8.2,98.0,110232,5.01,126
587,Papillon,1973,8.0,58.0,118394,53.27,151
588,The Bridges of Madison County,1995,7.6,66.0,70317,71.52,135
589,Hero,2002,7.9,85.0,171200,53.71,120
590,Days of Heaven,1978,7.8,93.0,50206,,94
591,8½,1963,8.0,,105325,0.05,138
592,October Sky,1999,7.8,71.0,79280,32.48,108
593,The Great Beauty,2013,7.8,86.0,77895,2.85,141
594,The Straight Story,1999,8.0,86.0,79172,6.2,112
595,Cold War,2018,7.6,90.0,44587,4.57,89
596,The Wind Rises,2013,7.8,83.0,68595,5.21,126
597,Beasts of No Nation,2015,7.7,79.0,70586,0.08,137
598,Cape Fear,1962,7.7,76.0,25366,,106
599,Mommy,2014,8.1,74.0,47900,3.49,139
600,Persona,1966,8.1,86.0,97083,,83
601,Rebecca,1940,8.1,86.0,118005,4.36,130
602,Midnight Express,1978,7.6,59.0,70910,35.0,121
603,Kramer vs. Kramer,1979,7.8,77.0,127731,106.26,105
604,M,1931,8.3,,137597,0.03,99
605,Badlands,1973,7.8,93.0,63122,,94
606,The Man from Nowhere,2010,7.8,,60084,0.01,119
607,"Synecdoche, New York",2008,7.6,67.0,78445,3.08,124
608,Ordinary People,1980,7.7,86.0,45151,54.8,124
609,The Best Offer,2013,7.8,49.0,104050,0.09,131
610,La Dolce Vita,1960,8.0,95.0,63726,19.52,174
611,Guess Who's Coming to Dinner,1967,7.8,63.0,37864,56.7,108
612,The Outlaw Josey Wales,1976,7.8,69.0,63505,31.8,135
613,Baahubali: The Beginning,2015,8.1,,98982,6.74,159
614,Rope,1948,8.0,73.0,124262,,80
615,Rashomon,1950,8.2,98.0,146223,0.1,88
616,The Killing,1956,8.0,,78756,,84
617,Charade,1963,7.9,83.0,65235,13.47,113
618,How to Train Your Dragon 2,2014,7.8,76.0,296105,177.0,102
619,Paddington 2,2017,7.8,88.0,56861,40.44,103
620,Modern Times,1936,8.5,96.0,208484,0.16,87
621,Evil Dead II,1987,7.8,69.0,143517,5.92,84
622,Rushmore,1998,7.7,86.0,164504,17.11,93
623,National Lampoon's Christmas Vacation,1989,7.6,49.0,147658,71.32,97
624,Sling Blade,1996,8.0,84.0,85244,24.48,135
625,Awakenings,1990,7.8,74.0,119352,52.1,121
626,The Last Emperor,1987,7.7,76.0,90879,43.98,163
627,The Great Dictator,1940,8.4,,195042,0.29,125
628,Detachment,2011,7.7,52.0,74022,0.07,98
629,Cinderella Man,2005,8.0,69.0,172522,61.65,144
630,Witness for the Prosecution,1957,8.4,,102660,8.18,116
631,Three Colors: Blue,1993,7.9,85.0,85164,1.32,94
632,Whisper of the Heart,1995,7.9,75.0,47211,,111
633,The Iron Giant,1999,8.0,85.0,166765,23.16,86
634,All About Eve,1950,8.2,98.0,116445,0.01,138
635,21 Grams,2003,7.7,70.0,220183,16.29,124
636,Sing Street,2016,7.9,79.0,81712,3.24,106
637,Hamlet,1996,7.7,,35343,4.41,242
638,Hotel Rwanda,2004,8.1,79.0,327052,23.53,121
639,My Left Foot,1989,7.9,97.0,65467,14.74,103
640,Arsenic and Old Lace,1944,8.0,,63741,,118
641,The Man Who Shot Liberty Valance,1962,8.1,94.0,66578,,123
642,This Is England,2006,7.7,86.0,113635,0.33,101
643,Sabrina,1954,7.7,72.0,57063,,113
644,All the President's Men,1976,8.0,84.0,98744,70.6,138
645,Where Eagles Dare,1968,7.7,63.0,50210,,158
646,Breathless,1960,7.9,,70218,0.34,90
647,Black Book,2006,7.7,71.0,71102,4.4,145
648,The Dirty Dozen,1967,7.7,73.0,65162,45.3,150
649,The Right Stuff,1983,7.8,91.0,54554,21.5,193
650,Giant,1956,7.6,84.0,32936,0.18,201
651,Dawn of the Dead,1978,7.9,71.0,108397,5.1,127
652,Mary and Max,2009,8.1,,159679,,92
653,The Secret World of Arrietty,2010,7.6,80.0,76028,19.2,94
654,Miller's Crossing,1990,7.8,66.0,122987,5.08,115
655,Nosferatu,1922,7.9,,85851,,94
656,My Fair Lady,1964,7.8,95.0,84064,72.0,170
657,Clerks,1994,7.7,70.0,208280,3.15,92
658,Hedwig and the Angry Inch,2001,7.7,85.0,31214,3.03,95
659,What Ever Happened to Baby Jane?,1962,8.1,75.0,48263,4.05,134
660,All That Jazz,1979,7.9,72.0,26770,37.82,123
661,Rio Bravo,1959,8.0,,54147,12.54,141
662,Finding Neverland,2004,7.7,67.0,195506,51.68,106
663,Three Colors: Red,1994,8.1,100.0,86524,4.04,99
664,Chungking Express,1994,8.1,77.0,58923,0.6,102
665,Paper Moon,1973,8.1,77.0,40784,30.93,102
666,The Last King of Scotland,2006,7.7,74.0,171820,17.61,123
667,Fiddler on the Roof,1971,8.0,67.0,37707,80.5,181
668,Dial M for Murder,1954,8.2,75.0,151322,0.01,105
669,Fanny and Alexander,1982,8.1,100.0,55526,4.97,188
670,Double Indemnity,1944,8.3,95.0,137902,5.72,107
671,The Maltese Falcon,1941,8.0,96.0,145786,2.11,100
672,Blow-Up,1966,7.6,82.0,54364,,111
673,Being There,1979,8.0,83.0,63604,30.18,130
674,Me and Earl and the Dying Girl,2015,7.7,74.0,119529,6.74,105
675,The Philadelphia Story,1940,7.9,96.0,61487,,112
676,Withnail & I,1987,7.7,84.0,38961,1.54,107
677,Manhattan,1979,7.9,83.0,128100,45.7,96
678,The Hustler,1961,8.0,90.0,73494,,134
679,Letters from Iwo Jima,2006,7.9,89.0,151271,13.76,141
680,Porco Rosso,1992,7.7,83.0,72385,,94
681,Belle de Jour,1967,7.7,,38635,0.03,100
682,Mysterious Skin,2004,7.6,73.0,64523,0.7,105
683,Lucky Number Slevin,2006,7.7,53.0,295671,22.49,110
684,Wings of Desire,1987,8.0,79.0,62194,3.33,128
685,Loving Vincent,2017,7.8,62.0,47244,6.74,94
686,Barton Fink,1991,7.7,69.0,109849,6.15,116
687,A Little Princess,1995,7.7,83.0,31158,10.02,97
688,Freaks,1932,7.9,80.0,40751,,64
689,Zulu,1964,7.7,77.0,34834,,138
690,King Kong,1933,7.9,90.0,76930,10.0,100
691,Contempt,1963,7.6,,27402,0.04,102
692,Pink Floyd: The Wall,1982,8.1,47.0,74066,22.24,95
693,The Message,1976,8.2,,42490,,177
694,The Chaser,2008,7.9,64.0,55344,,125
695,Harold and Maude,1971,7.9,62.0,68771,,91
696,Strangers on a Train,1951,8.0,88.0,119922,7.63,101
697,"Planes, Trains & Automobiles",1987,7.6,72.0,118110,49.53,93
698,Victoria,2015,7.6,77.0,49797,,138
699,The Muppet Movie,1979,7.6,74.0,31517,76.66,95
700,High Noon,1952,7.9,89.0,94846,9.45,85
701,Kelly's Heroes,1970,7.6,50.0,43926,1.38,144
702,The Tenant,1976,7.7,,37839,1.92,126
703,East of Eden,1955,7.9,72.0,38977,,118
704,Zindagi Na Milegi Dobara,2011,8.1,,64389,3.11,155
705,The Mirror,1975,8.1,,37344,0.18,107
706,Land of Mine,2015,7.8,75.0,32978,0.44,100
707,Lady Vengeance,2005,7.6,75.0,69480,0.21,115
708,Kubo and the Two Strings,2016,7.8,84.0,113862,48.02,101
709,Ninja Scroll,1993,7.9,,33491,,94
710,Breaking the Waves,1996,7.8,76.0,60606,4.04,159
711,The Killing Fields,1984,7.8,76.0,49951,34.7,141
712,Neon Genesis Evangelion: The End of Evangelion,1997,8.1,,35152,,87
713,Key Largo,1948,7.8,,35974,,100
714,Amour,2012,7.9,94.0,90357,6.74,127
715,Run Lola Run,1998,7.6,77.0,184947,7.27,80
716,Fantasia,1940,7.8,96.0,86075,76.41,125
717,Notorious,1946,7.9,100.0,89540,10.46,102
718,The Hurricane,1999,7.6,74.0,89569,50.67,146
719,The Tale of The Princess Kaguya,2013,8.0,89.0,35184,1.51,137
720,Touch of Evil,1958,8.0,99.0,96226,2.24,95
721,Bicycle Thieves,1948,8.3,,139430,0.33,89
722,Eyes Without a Face,1960,7.7,90.0,25671,0.05,90
723,The Manchurian Candidate,1962,7.9,94.0,69783,,126
724,The Day of the Jackal,1973,7.8,80.0,36166,16.06,143
725,The Quiet Man,1952,7.7,,33559,10.55,129
726,When Marnie Was There,2014,7.7,72.0,29383,0.77,103
727,The Big Sleep,1946,7.9,,76972,6.54,114
728,The African Queen,1951,7.7,91.0,69614,0.54,105
729,The 400 Blows,1959,8.1,,100468,,99
730,It Happened One Night,1934,8.1,87.0,90306,4.36,105
731,Perfectos desconocidos,2016,7.8,,53438,,96
732,Dead Man,1995,7.6,62.0,88006,1.04,121
733,La Vie En Rose,2007,7.6,66.0,80863,10.3,140
734,The Adventures of Robin Hood,1938,7.9,97.0,45880,3.98,102
735,Paprika,2006,7.7,81.0,67242,0.88,90
736,Good Bye Lenin!,2003,7.7,68.0,134825,4.06,121
737,Stagecoach,1939,7.9,93.0,41570,,96
738,City Lights,1931,8.5,99.0,160434,0.02,87
739,Nebraska,2013,7.7,87.0,109870,17.65,115
740,Repulsion,1965,7.7,91.0,47150,,105
741,The Secret of NIMH,1982,7.6,76.0,35106,10.14,82
742,Lagaan: Once Upon a Time in India,2001,8.1,84.0,101107,0.07,224
743,Drishyam,2015,8.2,,63890,0.74,163
744,Children of Heaven,1997,8.3,,61122,0.93,89
745,Once,2007,7.8,88.0,108492,9.44,86
746,Tokyo Story,1953,8.2,,49317,,136
747,Andrei Rublev,1966,8.1,,43954,0.1,205
748,Yojimbo,1961,8.2,,105883,,110
749,"Spring, Summer, Fall, Winter... and Spring",2003,8.0,85.0,74938,2.38,103
750,Happiness,1998,7.7,81.0,64963,2.81,134
751,Wild Strawberries,1957,8.2,88.0,91444,,91
752,The Lion in Winter,1968,7.9,,28212,22.28,134
753,Judgment at Nuremberg,1961,8.2,60.0,66495,,179
754,Infernal Affairs,2002,8.0,75.0,115701,0.17,101
755,Patton,1970,7.9,91.0,91788,61.7,172
756,"South Park: Bigger, Longer & Uncut",1999,7.7,73.0,188928,52.01,81
757,3-Iron,2004,8.0,72.0,48124,0.24,88
758,Watership Down,1978,7.6,64.0,32742,,91
759,The Lunchbox,2013,7.8,76.0,47948,4.23,104
760,5 Centimeters Per Second,2007,7.6,,48434,,63
761,Volver,2006,7.6,84.0,92457,12.9,121
762,Thank You for Smoking,2005,7.6,71.0,210516,24.79,92
763,Shadow of a Doubt,1943,7.8,94.0,57363,,108
764,Night on Earth,1991,7.8,68.0,53488,2.02,129
765,Three Colors: White,1994,7.6,88.0,60916,1.46,92
766,On Golden Pond,1981,7.6,68.0,26761,119.29,109
767,"Duck, You Sucker",1971,7.6,77.0,28746,0.7,138
768,Throne of Blood,1957,8.1,,43867,,110
769,"Aguirre, the Wrath of God",1972,7.9,,50212,,95
770,All About My Mother,1999,7.8,87.0,86215,8.26,101
771,The Day the Earth Stood Still,1951,7.7,,74961,,92
772,K.G.F: Chapter 1,2018,8.2,,30343,,156
773,Uri: The Surgical Strike,2019,8.3,,39943,4.19,138
774,Ikiru,1952,8.3,,64222,0.06,143
775,All Quiet on the Western Front,1930,8.0,91.0,55896,3.27,152
776,Sympathy for Mr. Vengeance,2002,7.6,56.0,60325,0.05,129
777,The Man Who Would Be King,1975,7.8,91.0,42783,,129
778,Fitzcarraldo,1982,8.1,,29986,,158
779,Short Cuts,1993,7.7,79.0,41287,6.11,188
780,Waking Life,2001,7.8,82.0,59496,2.89,99
781,Cat on a Hot Tin Roof,1958,8.0,84.0,43381,17.57,108
782,Underground,1995,8.1,,53767,0.17,167
783,Open Your Eyes,1997,7.8,,62381,0.37,117
784,Talk to Her,2002,7.9,86.0,102045,9.28,112
785,Head-On,2004,7.9,78.0,49669,,121
786,Who's Afraid of Virginia Woolf?,1966,8.0,75.0,67133,,131
787,Anand,1971,8.6,,26745,,122
788,High and Low,1963,8.5,,29818,,143
789,The Legend of 1900,1998,8.1,58.0,56767,0.26,169
790,Tangerines,2013,8.2,73.0,36904,0.14,87
791,Kal ho naa ho,2003,8.0,54.0,61238,1.79,186
792,A Christmas Story,1983,7.9,77.0,127343,20.61,94
793,Rang De Basanti,2006,8.2,,107445,2.2,167
794,A Hard Day's Night,1964,7.6,96.0,38931,13.78,87
795,Leviathan,2014,7.6,92.0,47367,1.09,140
796,The Best Years of Our Lives,1946,8.0,93.0,55863,23.65,170
797,The Cabinet of Dr. Caligari,1920,8.1,,54843,,67
798,The Double Life of Véronique,1991,7.8,86.0,39824,2.0,98
799,The Invisible Man,1933,7.7,87.0,28907,,71
800,Frankenstein,1931,7.8,91.0,62686,,70
801,Delicatessen,1991,7.6,66.0,78634,1.79,99
802,Hannah and Her Sisters,1986,7.9,90.0,65107,40.08,107
803,Bride of Frankenstein,1935,7.8,95.0,41788,4.36,75
804,The Kid,1921,8.3,,107360,5.45,68
805,Song of the Sea,2014,8.1,85.0,48541,0.86,93
806,A Man Called Ove,2015,7.7,70.0,44179,3.36,116
807,The Little Prince,2015,7.7,70.0,54374,1.34,108
808,The White Ribbon,2009,7.8,82.0,66786,2.22,144
809,Queen,2013,8.2,,58411,1.43,146
810,"I, Daniel Blake",2016,7.9,78.0,50601,0.26,100
811,Sueño de Invierno,2014,8.1,88.0,43188,0.17,196
812,The Conformist,1970,8.0,100.0,25628,0.54,113
813,The Motorcycle Diaries,2004,7.8,75.0,94794,16.76,126
814,Control,2007,7.7,78.0,60299,0.87,122
815,The Red Shoes,1948,8.1,,29411,10.9,135
816,The Grapes of Wrath,1940,8.0,96.0,84143,0.06,129
817,In America,2002,7.7,76.0,39891,15.54,105
818,The Diving Bell and the Butterfly,2007,8.0,92.0,101480,5.99,112
819,A Very Long Engagement,2004,7.6,76.0,69935,6.17,133
820,The Wave,2008,7.6,,99912,,107
821,His Girl Friday,1940,7.9,,51635,0.3,92
822,The Verdict,1982,7.7,77.0,34494,54.0,129
823,Mr. Smith Goes to Washington,1939,8.1,73.0,103517,9.6,129
824,My Name Is Khan,2010,8.0,50.0,95714,4.02,165
825,The Battle of Algiers,1966,8.1,96.0,50259,0.06,121
826,A Prophet,2009,7.9,90.0,91474,2.08,155
827,Secrets & Lies,1996,8.0,91.0,35832,13.42,136
828,Loveless,2017,7.6,86.0,27782,0.57,127
829,Red River,1948,7.8,,27099,,133
830,The Hidden Fortress,1958,8.1,,32571,,126
831,The Exterminating Angel,1962,8.1,,28320,,95
832,Le Samouraï,1967,8.1,,43187,0.04,101
833,Once Were Warriors,1994,7.9,77.0,30677,2.2,102
834,Dead Man's Shoes,2004,7.6,52.0,48238,0.01,90
835,Pink,2016,8.1,,36706,1.24,136
836,The Discreet Charm of the Bourgeoisie,1972,7.9,93.0,36785,0.2,102
837,Stalag 17,1953,8.0,84.0,49985,,120
838,Bajrangi Bhaijaan,2015,8.0,,68881,8.18,163
839,The Vanishing,1988,7.7,,32542,,107
840,The Circus,1928,8.2,90.0,25477,,72
841,The Taking of Pelham One Two Three,1974,7.7,68.0,25415,,104
842,Confessions,2010,7.8,,34469,,106
843,Swades,2004,8.2,,79809,1.22,189
844,Bhaag Milkha Bhaag,2013,8.2,,58602,1.63,186
845,Amarcord,1973,7.9,,38361,,123
846,Elite Squad,2007,8.1,33.0,95885,0.01,115
847,Talvar,2015,8.2,,29102,0.34,132
848,The Magdalene Sisters,2002,7.7,83.0,25446,4.89,114
849,The Bandit,1996,8.3,,61016,,128
850,The Lady Vanishes,1938,7.8,,45614,,96
851,The Wages of Fear,1953,8.1,,52198,,131
852,The Broken Circle Breakdown,2012,7.8,70.0,38354,0.18,111
853,A Man for All Seasons,1966,7.7,72.0,30173,28.35,120
854,The Thin Man,1934,8.0,,25516,,91
855,Gilda,1946,7.7,,26812,,110
856,To Have and Have Not,1944,7.8,,29940,,100
857,Sleuth,1972,8.0,,43769,4.08,138
858,Invasion of the Body Snatchers,1956,7.7,92.0,43443,,80
859,To Be or Not to Be,1942,8.2,86.0,26331,,99
860,Crimes and Misdemeanors,1989,7.9,77.0,53106,18.25,104
861,Peeping Tom,1960,7.7,,29659,0.08,101
862,Ivan's Childhood,1962,8.1,,29666,,84
863,Hera Pheri,2000,8.2,,53637,,156
864,Ayla: The Daughter of War,2017,8.5,,31662,,125
865,The Girl Who Leapt Through Time,2006,7.8,,57766,,98
866,The Return,2003,8.0,82.0,40954,0.5,110
867,Wolf Children,2012,8.1,71.0,36417,,117
868,Badhaai Ho,2018,8.0,,25378,,124
869,Udaan,2010,8.2,,41028,0.01,134
870,Cries & Whispers,1972,8.1,,28648,1.74,91
871,Wait Until Dark,1967,7.8,81.0,26865,17.55,108
872,Interstate 60: Episodes of the Road,2002,7.7,,29104,,116
873,The Salesman,2016,7.8,85.0,47746,2.4,124
874,Once Upon a Time in Anatolia,2011,7.9,82.0,39221,0.14,157
875,The Sea Inside,2004,8.0,74.0,75812,2.09,126
876,Lilya 4-Ever,2002,7.8,82.0,41513,0.18,109
877,Sweet Smell of Success,1957,8.1,100.0,26849,,96
878,Inherit the Wind,1960,8.1,75.0,26329,,128
879,Pierrot le Fou,1965,7.6,,27947,,110
880,The Innocents,1961,7.8,88.0,25583,2.62,100
881,The Celebration,1998,8.0,82.0,75970,1.65,105
882,The 39 Steps,1935,7.6,93.0,49837,,86
883,My Sassy Girl,2001,8.0,,44343,,123
884,Bringing Up Baby,1938,7.9,91.0,53383,,102
885,Batman: Mask of the Phantasm,1993,7.8,,41261,5.62,76
886,Kagemusha,1980,8.0,84.0,30810,,162
887,The Station Agent,2003,7.6,81.0,66290,5.74,89
888,Raise the Red Lantern,1991,8.1,,28277,2.6,125
889,Laura,1944,8.0,,41178,4.36,88
890,Mustang,2015,7.6,83.0,34105,0.85,97
891,Munna Bhai M.B.B.S.,2003,8.1,,70671,,156
892,Death Note,2006,7.7,,28012,,126
893,Sunrise,1927,8.1,,45670,0.54,94
894,The World's Fastest Indian,2005,7.8,68.0,50874,5.13,127
895,About Elly,2009,8.0,87.0,42834,0.11,119
896,Haider,2014,8.1,,48712,0.9,160
897,Au Revoir les Enfants,1987,8.0,,30142,4.54,104
898,Baahubali 2: The Conclusion,2017,8.2,,71395,20.19,167
899,Cowboy Bebop: The Movie,2001,7.9,61.0,41564,1.0,115
900,A Wednesday,2008,8.1,,71826,,104
901,The General,1926,8.1,,77741,1.03,67
902,Hard Boiled,1992,7.8,,45559,,128
903,Out of the Past,1947,8.0,,31364,,97
904,The Experiment,2001,7.7,60.0,89612,0.14,120
905,Lupin the 3rd: Castle of Cagliostro,1979,7.7,71.0,25367,,102
906,Kahaani,2012,8.1,,55546,1.04,122
907,Udta Punjab,2016,7.8,,25641,,148
908,Shine,1996,7.7,87.0,50241,35.81,105
909,"Black Cat, White Cat",1998,8.1,73.0,49502,0.35,127
910,L'Avventura,1960,7.9,,25244,,144
911,The Past,2013,7.8,85.0,43726,1.33,130
912,The Odd Couple,1968,7.7,86.0,30583,44.53,105
913,My Father and My Son,2005,8.3,,75189,,112
914,Paan Singh Tomar,2012,8.2,,31773,0.04,135
915,The Passion of Joan of Arc,1928,8.1,,45052,0.02,114
916,Rififi,1955,8.2,97.0,25000,0.06,118
917,Down by Law,1986,7.8,75.0,46416,1.44,107
918,La Strada,1954,8.0,,56367,,108
919,The Gold Rush,1925,8.2,,96064,5.45,95
920,Duck Soup,1933,7.8,93.0,54384,,69
921,Sholay,1975,8.2,,49654,,162
922,Airlift,2016,8.0,,51336,,130
923,Diabolique,1955,8.0,,59831,,117
924,Dilwale Dulhania Le Jayenge,1995,8.1,,61191,,181
925,"4 Months, 3 Weeks and 2 Days",2007,7.9,97.0,55033,1.19,113
926,Persepolis,2007,8.0,90.0,86362,4.45,96
927,In a Better World,2010,7.6,65.0,37748,1.01,118
928,Fearless,2006,7.6,70.0,71735,24.63,104
929,Love Me If You Dare,2003,7.6,45.0,66014,0.55,93
930,Nights of Cabiria,1957,8.1,,41379,0.75,110
931,Dil Chahta Hai,2001,8.1,,64628,0.3,183
932,Brief Encounter,1945,8.0,92.0,34089,,86
933,White Heat,1949,8.1,,28606,,114
934,Ace in the Hole,1951,8.1,72.0,30013,3.97,111
935,The Purple Rose of Cairo,1985,7.7,75.0,45705,10.63,82
936,Jules and Jim,1962,7.8,,36156,,105
937,Barfi!,2012,8.1,,73098,2.8,151
938,Cell 211,2009,7.6,,62494,,113
939,Vicky Donor,2012,7.8,,38227,0.17,126
940,The Chorus,2004,7.9,56.0,55727,3.64,97
941,Harvey,1950,7.9,,51612,,104
942,After the Wedding,2006,7.7,78.0,30976,0.41,120
943,The Lost Weekend,1945,7.9,,32448,9.46,101
944,Il Postino,1994,7.7,81.0,32507,21.85,108
945,The Triplets of Belleville,2003,7.8,91.0,49688,7.0,80
946,Vivre Sa Vie,1962,8.0,,26157,,85
947,Fireworks,1997,7.8,,26639,0.23,103
948,Dev.D,2009,8.0,,27817,0.01,144
949,Chak de! India,2007,8.2,68.0,71196,1.11,153
950,Tokyo Godfathers,2003,7.8,73.0,29271,0.13,92
951,Baby,2015,8.0,,51161,,159
952,Battleship Potemkin,1925,8.0,,51291,0.05,66
953,Departures,2008,8.1,68.0,47267,1.5,130
954,Zelig,1983,7.7,,38889,11.8,79
955,No Man's Land,2001,7.9,84.0,43694,1.06,98
956,Miracle on 34th Street,1947,7.9,88.0,38850,2.65,96
957,Veer-Zaara,2004,7.8,67.0,47397,2.92,192
958,Sherlock Jr.,1924,8.2,,38725,0.98,45
959,Evil,2003,7.8,61.0,34887,0.02,113
960,Jab We Met,2007,7.9,,45678,0.41,138
961,La Grande Illusion,1937,8.1,,32930,0.17,113
962,Hiroshima Mon Amour,1959,7.9,,27030,0.09,90
963,Tae Guk Gi: The Brotherhood of War,2004,8.1,64.0,37120,1.11,140
964,Black,2005,8.2,,32569,0.73,122
965,Love and Death,1975,7.7,89.0,34901,,85
966,C.R.A.Z.Y.,2005,7.9,81.0,31055,,127
967,Special 26,2013,8.0,,48809,1.08,144
968,Kind Hearts and Coronets,1949,8.0,,33512,,106
969,The Ladykillers,1955,7.7,91.0,25390,,91
970,Elite Squad 2: The Enemy Within,2010,8.0,71.0,77749,0.1,115
971,Andaz Apna Apna,1994,8.2,,47824,,160
972,The Visitor,2007,7.6,79.0,41001,9.42,104
973,The Secret of Kells,2009,7.6,81.0,30120,0.69,75
974,The Killer,1989,7.8,82.0,44708,,111
975,Lifeboat,1944,7.6,78.0,25608,,97
976,The Virgin Spring,1960,8.1,,25558,1.53,89
977,G.O.R.A.,2004,8.0,,54543,,127
978,Sanjuro,1962,8.1,,30793,,96
979,Adam's Apples,2005,7.8,51.0,44138,0.0,94
980,Joint Security Area,2000,7.8,58.0,25260,,110
981,The Rules of the Game,1939,8.0,,25815,,110
982,Central Station,1998,8.0,80.0,34982,5.6,110
983,The Shop Around the Corner,1940,8.1,96.0,26445,0.2,99
984,Drishyam,2013,8.4,,29277,,160
985,Joyeux Noel,2005,7.7,70.0,26972,1.05,116
986,OMG: Oh My God!,2012,8.1,,48819,0.92,125
987,Nine Queens,2000,7.9,80.0,48351,1.22,114
988,Knockin' on Heaven's Door,1997,8.0,,26745,0.0,87
989,Vampire Hunter D: Bloodlust,2000,7.7,62.0,28292,0.15,103
990,English Vinglish,2012,7.8,,32300,1.67,134
991,Le Dîner de Cons,1998,7.7,73.0,36329,4.07,80
992,A Night at the Opera,1935,7.9,,29770,,96
993,The Edge of Heaven,2007,7.8,85.0,30096,0.74,122
994,"Carry On, Munna Bhai",2006,8.1,,41354,2.22,144
995,The Muppet Christmas Carol,1992,7.7,64.0,46113,27.28,85
996,Boy A,2007,7.6,75.0,36304,0.11,102
997,And Now for Something Completely Different,1971,7.6,,28253,,88
998,Vizontele,2001,8.0,,31878,,110
999,The Breath,2009,8.0,,31011,,128
